"ID","Product backlog ID","Task","Draft owner","Estimate hours","Start date","Due date","Status","Acceptance evidence"
"S1-01","PB-13","Agree on Git workflow, branch naming, and definition of done","Whole team","2","2026-09-21","2026-09-25","Not started","Workflow recorded in repository"
"S1-02","PB-01","Create React project shell and basic conversation screen","Moebius Yang","6","2026-09-24","2026-09-29","Not started","Frontend runs locally and accepts typed input"
"S1-03","PB-01","Create Python backend shell with health and conversation endpoints","Zohreh Ashtarilarki","5","2026-09-24","2026-09-28","Not started","Health endpoint and conversation stub respond locally"
"S1-04","PB-03","Create mock appointment provider and seeded slots","Amarjargal Ayurzana","5","2026-09-25","2026-09-30","Not started","API returns deterministic appointment options"
"S1-05","PB-03","Draft SQL schema for users, appointments, confirmations, and reminders","Zohreh Ashtarilarki; Amarjargal Ayurzana","4","2026-09-26","2026-09-30","Not started","Schema is reviewed and committed"
"S1-06","PB-14","Compare feasible voice input, speech output, and AI approaches","Kunj Shah","5","2026-09-24","2026-09-29","Not started","Decision note includes options, constraints, and recommendation"
"S1-07","PB-02","Implement confirmation object and appointment read-back flow","Kunj Shah; backend team","6","2026-09-29","2026-10-02","Not started","Booking cannot execute without explicit confirmation"
"S1-08","PB-01","Connect React typed input to the Python conversation endpoint","Moebius Yang; backend team","5","2026-09-29","2026-10-03","Not started","One mocked appointment flow works end to end"
"S1-09","PB-13","Add basic tests for booking confirmation and rejection","Backend team","4","2026-10-01","2026-10-04","Not started","Automated tests cover confirm and reject paths"
"S1-10","","Update diagrams, actual hours, sprint summary, and next-sprint plan","Whole team","3","2026-10-02","2026-10-04","Not started","Sprint documentation reflects actual work"

